Index,Spacer Sequence,Accession Number,Start,End,Category,Consensus Repeat,Cas Type
1,GGCTGCGCCTCGTCGGCGAGCAGGGTCCGGAACTG,NC_006513,1941465,1946917,Bona-fide,GTTTCAATCCACGCCCCCCGTCACCGAGGGGCGATGC,CAS-I-C
2,ACCAAGATCAAGACGATCGGCAAGCTGCTGGACGA,NC_006513,1941465,1946917,Bona-fide,GTTTCAATCCACGCCCCCCGTCACCGAGGGGCGATGC,CAS-I-C
3,CGTCGCAAAAGAGGACGACAACGGGCTGTACGTC,NC_006513,1941465,1946917,Bona-fide,GTTTCAATCCACGCCCCCCGTCACCGAGGGGCGATGC,CAS-I-C
4,CAAGCGCGAGTTTTACCGGAGGTACGGCAGCGAAGCG,NC_006513,1941465,1946917,Bona-fide,GTTTCAATCCACGCCCCCCGTCACCGAGGGGCGATGC,CAS-I-C
5,GGTTCGGGTGGTTAGGCATCTCAGCGGTTGGCCGAA,NC_006513,1941465,1946917,Bona-fide,GTTTCAATCCACGCCCCCCGTCACCGAGGGGCGATGC,CAS-I-C
6,CGATCAGTTCGGCGGGGGGTTCATCCGCGAACTAGAGC,NC_006513,1941465,1946917,Bona-fide,GTTTCAATCCACGCCCCCCGTCACCGAGGGGCGATGC,CAS-I-C
7,TTCCTGAGCTTCCCTCCCACACGCTTACGCACGTA,NC_006513,1941465,1946917,Bona-fide,GTTTCAATCCACGCCCCCCGTCACCGAGGGGCGATGC,CAS-I-C
8,TGTTGACGCAGTCCCACTGCACGCCATGCAGCAC,NC_006513,1941465,1946917,Bona-fide,GTTTCAATCCACGCCCCCCGTCACCGAGGGGCGATGC,CAS-I-C
9,ATGTTCCCCGAGGGGCAGGTGGTCAAGTTCGACCTC,NC_006513,1941465,1946917,Bona-fide,GTTTCAATCCACGCCCCCCGTCACCGAGGGGCGATGC,CAS-I-C
10,CTCACGGATGTCGCGGTAGTCGAACACCGGCAGGGG,NC_006513,1941465,1946917,Bona-fide,GTTTCAATCCACGCCCCCCGTCACCGAGGGGCGATGC,CAS-I-C
11,TCAATGCCGGCTGGGACAACCGCGGCGAACAGCTT,NC_006513,1941465,1946917,Bona-fide,GTTTCAATCCACGCCCCCCGTCACCGAGGGGCGATGC,CAS-I-C
12,GCTGGAACGCCTACCAGCAGATCAAGGACAACCT,NC_006513,1941465,1946917,Bona-fide,GTTTCAATCCACGCCCCCCGTCACCGAGGGGCGATGC,CAS-I-C
13,ATCGTTCGAGTTCGTTCTGCGGCGTAGTCATATT,NC_006513,1941465,1946917,Bona-fide,GTTTCAATCCACGCCCCCCGTCACCGAGGGGCGATGC,CAS-I-C
14,CAAGCTGGCGCCCGCCTCTTTGCGCCTCAAGTCGCAAAT,NC_006513,1941465,1946917,Bona-fide,GTTTCAATCCACGCCCCCCGTCACCGAGGGGCGATGC,CAS-I-C
15,CTGAGTGATGGCTGACAAAGACAAGAACGAATACCTT,NC_006513,1941465,1946917,Bona-fide,GTTTCAATCCACGCCCCCCGTCACCGAGGGGCGATGC,CAS-I-C
16,CATGCACACGGTATTCACGGCATCCTCCCTGTCTC,NC_006513,1941465,1946917,Bona-fide,GTTTCAATCCACGCCCCCCGTCACCGAGGGGCGATGC,CAS-I-C
17,GCGGCAGGCCGGGCGGTGCGCATCGTCGAGCGG,NC_006513,1941465,1946917,Bona-fide,GTTTCAATCCACGCCCCCCGTCACCGAGGGGCGATGC,CAS-I-C
18,GTCCTGAACCCGGCTGACTGGGCGACGATGGAAACG,NC_006513,1941465,1946917,Bona-fide,GTTTCAATCCACGCCCCCCGTCACCGAGGGGCGATGC,CAS-I-C
19,CGGCGGCAGCAGTAAAAAGTCGAGCACGAATACGAC,NC_006513,1941465,1946917,Bona-fide,GTTTCAATCCACGCCCCCCGTCACCGAGGGGCGATGC,CAS-I-C
20,GGCTGCCTCGCCGCGGTGAAGCAGGCGATCAGGGA,NC_006513,1941465,1946917,Bona-fide,GTTTCAATCCACGCCCCCCGTCACCGAGGGGCGATGC,CAS-I-C
21,CCGGACTGCGACGGAAAGGGGCGGACTGAGAAGAT,NC_006513,1941465,1946917,Bona-fide,GTTTCAATCCACGCCCCCCGTCACCGAGGGGCGATGC,CAS-I-C
22,CGCGGATCAGCTTGATGTAGGCGTCGGTCCATCCC,NC_006513,1941465,1946917,Bona-fide,GTTTCAATCCACGCCCCCCGTCACCGAGGGGCGATGC,CAS-I-C
23,GCGCCCGGCGAGCTTCGCCGACGCGGCGAACTTC,NC_006513,1941465,1946917,Bona-fide,GTTTCAATCCACGCCCCCCGTCACCGAGGGGCGATGC,CAS-I-C
24,CACGGTCACCAATGCCGGCGTTGCCGGGTAACCACT,NC_006513,1941465,1946917,Bona-fide,GTTTCAATCCACGCCCCCCGTCACCGAGGGGCGATGC,CAS-I-C
25,CGCGAGGCTAAGGCGTATCTCGGCGTGCAGGACGT,NC_006513,1941465,1946917,Bona-fide,GTTTCAATCCACGCCCCCCGTCACCGAGGGGCGATGC,CAS-I-C
26,CTTGGCGCTTACGCCGTGATCGTGATTGCCGTCAT,NC_006513,1941465,1946917,Bona-fide,GTTTCAATCCACGCCCCCCGTCACCGAGGGGCGATGC,CAS-I-C
27,GTGGGATCGGGCGCTCGACGACCTGCAACTGATG,NC_006513,1941465,1946917,Bona-fide,GTTTCAATCCACGCCCCCCGTCACCGAGGGGCGATGC,CAS-I-C
28,GCGTCGGTCCATCCGGCGTCGGCGAGCACGAGCTT,NC_006513,1941465,1946917,Bona-fide,GTTTCAATCCACGCCCCCCGTCACCGAGGGGCGATGC,CAS-I-C
29,CACGTGAGTTGTGCGTCGAGTTCGCTTGGCAGGTT,NC_006513,1941465,1946917,Bona-fide,GTTTCAATCCACGCCCCCCGTCACCGAGGGGCGATGC,CAS-I-C
30,CCGGCAGATCGCCGAGCACCGCGCCAAGCTCGAA,NC_006513,1941465,1946917,Bona-fide,GTTTCAATCCACGCCCCCCGTCACCGAGGGGCGATGC,CAS-I-C
31,ATTAGTTGCACCGACGCGAGCGCCGAGTCGACGTA,NC_006513,1941465,1946917,Bona-fide,GTTTCAATCCACGCCCCCCGTCACCGAGGGGCGATGC,CAS-I-C
32,ACGGCGACCCGCTGCGGCCGGACCTCGATTACCT,NC_006513,1941465,1946917,Bona-fide,GTTTCAATCCACGCCCCCCGTCACCGAGGGGCGATGC,CAS-I-C
33,TTCGAGCAGTCCGGACGACACGCACGACCAGACCG,NC_006513,1941465,1946917,Bona-fide,GTTTCAATCCACGCCCCCCGTCACCGAGGGGCGATGC,CAS-I-C
34,ATGCGAGCGCCAGCGCCTTCACGGCCGAAGACGCC,NC_006513,1941465,1946917,Bona-fide,GTTTCAATCCACGCCCCCCGTCACCGAGGGGCGATGC,CAS-I-C
35,TCGACTGCCGAGCACCAGGCGCTGAAGACCGCCCACGACAAGCT,NC_006513,1941465,1946917,Bona-fide,GTTTCAATCCACGCCCCCCGTCACCGAGGGGCGATGC,CAS-I-C
36,CCCGAGATCCTCGCCGCGGACCTGATCGTCAGCCA,NC_006513,1941465,1946917,Bona-fide,GTTTCAATCCACGCCCCCCGTCACCGAGGGGCGATGC,CAS-I-C
37,GGCTGCCCCGTGAGCGTGAAAACCTCGATCCATGCC,NC_006513,1941465,1946917,Bona-fide,GTTTCAATCCACGCCCCCCGTCACCGAGGGGCGATGC,CAS-I-C
38,CTCGCCAGGGCGCGACCGGCCGCCGTGCTCATGTC,NC_006513,1941465,1946917,Bona-fide,GTTTCAATCCACGCCCCCCGTCACCGAGGGGCGATGC,CAS-I-C
39,CTTCGCCGGTGCCTACCAGCGCGACGACACAGGC,NC_006513,1941465,1946917,Bona-fide,GTTTCAATCCACGCCCCCCGTCACCGAGGGGCGATGC,CAS-I-C
40,CATGGCGAGGCGCGCCGCAGCGGGGTCGATGTCGGG,NC_006513,1941465,1946917,Bona-fide,GTTTCAATCCACGCCCCCCGTCACCGAGGGGCGATGC,CAS-I-C
41,GGGTGAGCGCGTCGGCGATGAAAATCGACTCGGG,NC_006513,1941465,1946917,Bona-fide,GTTTCAATCCACGCCCCCCGTCACCGAGGGGCGATGC,CAS-I-C
42,CGCACCTGTTCGTTCCAACCCCTCATGACCCACCT,NC_006513,1941465,1946917,Bona-fide,GTTTCAATCCACGCCCCCCGTCACCGAGGGGCGATGC,CAS-I-C
43,CGTTCGACTTGATGACCGACGCCGCTTATCACGGC,NC_006513,1941465,1946917,Bona-fide,GTTTCAATCCACGCCCCCCGTCACCGAGGGGCGATGC,CAS-I-C
44,CGTCACCACGGTCACGCTCGACCCGGTGCTGCGC,NC_006513,1941465,1946917,Bona-fide,GTTTCAATCCACGCCCCCCGTCACCGAGGGGCGATGC,CAS-I-C
45,GCCCCACACTTGCCCGGCGAGCGCGACGGCCGTATC,NC_006513,1941465,1946917,Bona-fide,GTTTCAATCCACGCCCCCCGTCACCGAGGGGCGATGC,CAS-I-C
46,CGGCGCTGCGCGATGCGTGCTGCGAACTCGCGCT,NC_006513,1941465,1946917,Bona-fide,GTTTCAATCCACGCCCCCCGTCACCGAGGGGCGATGC,CAS-I-C
47,GCCGCAATCCGCAACGGTGCGGAGAACGTCACCGA,NC_006513,1941465,1946917,Bona-fide,GTTTCAATCCACGCCCCCCGTCACCGAGGGGCGATGC,CAS-I-C
48,CGCTCGGCGCTCACGCCTCACCCTCGATCGGCGC,NC_006513,1941465,1946917,Bona-fide,GTTTCAATCCACGCCCCCCGTCACCGAGGGGCGATGC,CAS-I-C
49,GATGGCCCGACGCGTCGGGTGCGGCACGCTGTCGAT,NC_006513,1941465,1946917,Bona-fide,GTTTCAATCCACGCCCCCCGTCACCGAGGGGCGATGC,CAS-I-C
50,ACGATCGTCGGCCACGACAACCACGGCAACTACAC,NC_006513,1941465,1946917,Bona-fide,GTTTCAATCCACGCCCCCCGTCACCGAGGGGCGATGC,CAS-I-C
51,GAAGCCTTTTTGCGGGTCGTGGTTGTACTTGCGCGC,NC_006513,1941465,1946917,Bona-fide,GTTTCAATCCACGCCCCCCGTCACCGAGGGGCGATGC,CAS-I-C
52,GCGGCGTGGTCGTGGGCGGGAGGGTTCGGTCAGGC,NC_006513,1941465,1946917,Bona-fide,GTTTCAATCCACGCCCCCCGTCACCGAGGGGCGATGC,CAS-I-C
53,TTCAGCTTCTCGGCCTGCTCATAGAGATAGGTGTC,NC_006513,1941465,1946917,Bona-fide,GTTTCAATCCACGCCCCCCGTCACCGAGGGGCGATGC,CAS-I-C
54,GCTGGCGACGGGTCGGTGGGAAGGGGGATCACAT,NC_006513,1941465,1946917,Bona-fide,GTTTCAATCCACGCCCCCCGTCACCGAGGGGCGATGC,CAS-I-C
55,GTGGCTGGGGCGGATTTTTTGCGGCTGTTGAGAGC,NC_006513,1941465,1946917,Bona-fide,GTTTCAATCCACGCCCCCCGTCACCGAGGGGCGATGC,CAS-I-C
56,ACAGTGATCGCCTGCACGTCGACGAAGGTTTTGTT,NC_006513,1941465,1946917,Bona-fide,GTTTCAATCCACGCCCCCCGTCACCGAGGGGCGATGC,CAS-I-C
57,GATCCAGGAGGCAGTTGAGGTCTGGATAGAGGGC,NC_006513,1941465,1946917,Bona-fide,GTTTCAATCCACGCCCCCCGTCACCGAGGGGCGATGC,CAS-I-C
58,CGGAATTGGAGCGATCAGCACCGTAGCGCCCGACA,NC_006513,1941465,1946917,Bona-fide,GTTTCAATCCACGCCCCCCGTCACCGAGGGGCGATGC,CAS-I-C
59,TGGACCAAGATTGGCGGGGGCGATTCGGTTCGGCG,NC_006513,1941465,1946917,Bona-fide,GTTTCAATCCACGCCCCCCGTCACCGAGGGGCGATGC,CAS-I-C
60,GGTCATCAAGGCGGTGGTGCACCGGCAGATCGAG,NC_006513,1941465,1946917,Bona-fide,GTTTCAATCCACGCCCCCCGTCACCGAGGGGCGATGC,CAS-I-C
61,CAGGCGACGATTGATGCCGCAGACGCAGCCCAACAG,NC_006513,1941465,1946917,Bona-fide,GTTTCAATCCACGCCCCCCGTCACCGAGGGGCGATGC,CAS-I-C
62,GCGCACCGATTCCGCGGTCGTCTTGCTGATCGACGC,NC_006513,1941465,1946917,Bona-fide,GTTTCAATCCACGCCCCCCGTCACCGAGGGGCGATGC,CAS-I-C
63,CGATTCTCGGCTGCCTCAAGTTGCGCGGGGCTAAG,NC_006513,1941465,1946917,Bona-fide,GTTTCAATCCACGCCCCCCGTCACCGAGGGGCGATGC,CAS-I-C
64,CCCGGACGTACTGGCTCAGCGGCGCACGGTCGAC,NC_006513,1941465,1946917,Bona-fide,GTTTCAATCCACGCCCCCCGTCACCGAGGGGCGATGC,CAS-I-C
65,GGGCATGAGCGACGCCGAGTGGGATTACCTGTACC,NC_006513,1941465,1946917,Bona-fide,GTTTCAATCCACGCCCCCCGTCACCGAGGGGCGATGC,CAS-I-C
66,GGCTCGTCCATGTCCATGCACAGGACGATGTCGGA,NC_006513,1941465,1946917,Bona-fide,GTTTCAATCCACGCCCCCCGTCACCGAGGGGCGATGC,CAS-I-C
67,GGTGAGGTCCAGGATGTGCCGCACGTTGCGCGGTGC,NC_006513,1941465,1946917,Bona-fide,GTTTCAATCCACGCCCCCCGTCACCGAGGGGCGATGC,CAS-I-C
68,TCTCGTCCGTGGTGTCGAGCCGGTACAGCAAGAG,NC_006513,1941465,1946917,Bona-fide,GTTTCAATCCACGCCCCCCGTCACCGAGGGGCGATGC,CAS-I-C
69,CGCATCAAAACGGCGCTGCTGTCGCGGCTGTCGGAAATC,NC_006513,1941465,1946917,Bona-fide,GTTTCAATCCACGCCCCCCGTCACCGAGGGGCGATGC,CAS-I-C
70,TCGATAAGTACGACAAGGCGACGAAGCAGCGCAA,NC_006513,1941465,1946917,Bona-fide,GTTTCAATCCACGCCCCCCGTCACCGAGGGGCGATGC,CAS-I-C
71,GCATCTTTGTTACCACTAAGAGCGAGGACAGAAA,NC_006513,1941465,1946917,Bona-fide,GTTTCAATCCACGCCCCCCGTCACCGAGGGGCGATGC,CAS-I-C
72,GGCTCTGCATGTGCGAGGACTGCGCTCCGTCGTTCGA,NC_006513,1941465,1946917,Bona-fide,GTTTCAATCCACGCCCCCCGTCACCGAGGGGCGATGC,CAS-I-C
73,GGCGCCGAATGGTCGCCTACACCGCCGACTGGATC,NC_006513,1941465,1946917,Bona-fide,GTTTCAATCCACGCCCCCCGTCACCGAGGGGCGATGC,CAS-I-C
74,GATGCTGCCCAGTGAAGAGACAAGCGCGACCGAG,NC_006513,1941465,1946917,Bona-fide,GTTTCAATCCACGCCCCCCGTCACCGAGGGGCGATGC,CAS-I-C
75,TGAGGTTCAGACTGCTGACCGAGTCCTGTGCGTG,NC_006513,1941465,1946917,Bona-fide,GTTTCAATCCACGCCCCCCGTCACCGAGGGGCGATGC,CAS-I-C
1,GGATATGACCTTCGGCTCGATGGTCGGATTCATGGT,NC_006513,1948501,1950468,Bona-fide,GTTTCAATCCACGCCCCCCGTCACCGAGGGGCGATGC,CAS-I-C
2,ATGATGTTGTCCTTGTTCATGGTCGGCGACTTATT,NC_006513,1948501,1950468,Bona-fide,GTTTCAATCCACGCCCCCCGTCACCGAGGGGCGATGC,CAS-I-C
3,CCTCCTGGTGCGGGAGCAGGTCAGTTGTCGTCGC,NC_006513,1948501,1950468,Bona-fide,GTTTCAATCCACGCCCCCCGTCACCGAGGGGCGATGC,CAS-I-C
4,GAGGAGAGATCGCCGGCTGCATCCCCATCAACGA,NC_006513,1948501,1950468,Bona-fide,GTTTCAATCCACGCCCCCCGTCACCGAGGGGCGATGC,CAS-I-C
5,TCCCCACGATCTTGCCCATGCACTCGTTCTGGCT,NC_006513,1948501,1950468,Bona-fide,GTTTCAATCCACGCCCCCCGTCACCGAGGGGCGATGC,CAS-I-C
6,CCGCCCCCACTGCCGCACCGCCTCGACGAATTCGCC,NC_006513,1948501,1950468,Bona-fide,GTTTCAATCCACGCCCCCCGTCACCGAGGGGCGATGC,CAS-I-C
7,GGCGTCATCGCCTTGCTCGGTAGCGAACAAAAGC,NC_006513,1948501,1950468,Bona-fide,GTTTCAATCCACGCCCCCCGTCACCGAGGGGCGATGC,CAS-I-C
8,GAACCCGGTCACGGGGACGATCCGCTGGTCATCGTC,NC_006513,1948501,1950468,Bona-fide,GTTTCAATCCACGCCCCCCGTCACCGAGGGGCGATGC,CAS-I-C
9,GATCGAGTGCGTGTTCCGCTACCGCACGCGGACT,NC_006513,1948501,1950468,Bona-fide,GTTTCAATCCACGCCCCCCGTCACCGAGGGGCGATGC,CAS-I-C
10,GGCGAACGTTTCCGCCTGCAGGGTCATATCGGAG,NC_006513,1948501,1950468,Bona-fide,GTTTCAATCCACGCCCCCCGTCACCGAGGGGCGATGC,CAS-I-C
11,ACTCTCCGGCACGGCGATCGATTGGGCCGCCAACGC,NC_006513,1948501,1950468,Bona-fide,GTTTCAATCCACGCCCCCCGTCACCGAGGGGCGATGC,CAS-I-C
12,CGCACGATCAATGGCGTGAGCTTCAACGGCACGGC,NC_006513,1948501,1950468,Bona-fide,GTTTCAATCCACGCCCCCCGTCACCGAGGGGCGATGC,CAS-I-C
13,TAGGTCGGGTTGCCGGCGTGACCGATGCGGAACCA,NC_006513,1948501,1950468,Bona-fide,GTTTCAATCCACGCCCCCCGTCACCGAGGGGCGATGC,CAS-I-C
14,CCGACTACGCCGGAGCGTGGCAAGCGCTCGGAAC,NC_006513,1948501,1950468,Bona-fide,GTTTCAATCCACGCCCCCCGTCACCGAGGGGCGATGC,CAS-I-C
15,GTCGATTTCTGCCACCTCAACGGGCTCACCGGT,NC_006513,1948501,1950468,Bona-fide,GTTTCAATCCACGCCCCCCGTCACCGAGGGGCGATGC,CAS-I-C
16,GCAGCGTGATCAGCCGACACGCTGGGTCGTCAAT,NC_006513,1948501,1950468,Bona-fide,GTTTCAATCCACGCCCCCCGTCACCGAGGGGCGATGC,CAS-I-C
17,GGTCGACGAGTTCGGTGTCAGCCATCTCCTGGCT,NC_006513,1948501,1950468,Bona-fide,GTTTCAATCCACGCCCCCCGTCACCGAGGGGCGATGC,CAS-I-C
18,ATAGCAGTCTCTATGCCGACGTACTGGTCAATCT,NC_006513,1948501,1950468,Bona-fide,GTTTCAATCCACGCCCCCCGTCACCGAGGGGCGATGC,CAS-I-C
19,CAGCGATGCCGCACTTCAGCATGCTGTCGAGCAC,NC_006513,1948501,1950468,Bona-fide,GTTTCAATCCACGCCCCCCGTCACCGAGGGGCGATGC,CAS-I-C
20,AAAGGCCGGCACCTCAACCACCGCGCCCCAGGCA,NC_006513,1948501,1950468,Bona-fide,GTTTCAATCCACGCCCCCCGTCACCGAGGGGCGATGC,CAS-I-C
21,CGCCAGCCCGTCGTCGAATACATCGAGGTCGAATGA,NC_006513,1948501,1950468,Bona-fide,GTTTCAATCCACGCCCCCCGTCACCGAGGGGCGATGC,CAS-I-C
22,CAGAGCGCGACGGATGCGACTTCGGGCCGATTACT,NC_006513,1948501,1950468,Bona-fide,GTTTCAATCCACGCCCCCCGTCACCGAGGGGCGATGC,CAS-I-C
23,GTTGAGTTGGGCGCGAGCATTAGGGATTTGTGAT,NC_006513,1948501,1950468,Bona-fide,GTTTCAATCCACGCCCCCCGTCACCGAGGGGCGATGC,CAS-I-C
24,GTTTTGTGGATGCGCAGCATTGCTTGCTGCCCAT,NC_006513,1948501,1950468,Bona-fide,GTTTCAATCCACGCCCCCCGTCACCGAGGGGCGATGC,CAS-I-C
25,TGGTTTCCCGCCTTCACGTCTGCCAGGAATTTAGA,NC_006513,1948501,1950468,Bona-fide,GTTTCAATCCACGCCCCCCGTCACCGAGGGGCGATGC,CAS-I-C
26,TCAGCACGCCGATCGGCATGTCCTCCGTCGGATA,NC_006513,1948501,1950468,Bona-fide,GTTTCAATCCACGCCCCCCGTCACCGAGGGGCGATGC,CAS-I-C
27,GGACTGCAAGGCGATGCTGCTGCGCGCCGGCATC,NC_006513,1948501,1950468,Bona-fide,GTTTCAATCCACGCCCCCCGTCACCGAGGGGCGATGC,CAS-I-C
1,CAGCGAGGGCGGGCTGGTGGTGTTTGCGGAAACCGAG,NC_006513,1952604,1953575,Bona-fide,GTTTCAATCCACGCCCCCCGTCACCGAGGGGCGATGC,CAS-I-C
2,CGCATCTCGTGCCCGCAGAGCGTGCAGCGGAGCA,NC_006513,1952604,1953575,Bona-fide,GTTTCAATCCACGCCCCCCGTCACCGAGGGGCGATGC,CAS-I-C
3,GTCGGCGACTGCCTGGCCATCACCATGCAGGCGAT,NC_006513,1952604,1953575,Bona-fide,GTTTCAATCCACGCCCCCCGTCACCGAGGGGCGATGC,CAS-I-C
4,AACGCGACCTTGAACAGCGCGAAGCCCTTGCGATG,NC_006513,1952604,1953575,Bona-fide,GTTTCAATCCACGCCCCCCGTCACCGAGGGGCGATGC,CAS-I-C
5,AACGACTTGTTCGCGGCGATCCGCTGCGTCTCGAT,NC_006513,1952604,1953575,Bona-fide,GTTTCAATCCACGCCCCCCGTCACCGAGGGGCGATGC,CAS-I-C
6,CAACCACTGGCACCGACGGAGGGCCGCACAAGAT,NC_006513,1952604,1953575,Bona-fide,GTTTCAATCCACGCCCCCCGTCACCGAGGGGCGATGC,CAS-I-C
7,GCAATCCGATCGTCGATCGGGCCACGGGAGAGGT,NC_006513,1952604,1953575,Bona-fide,GTTTCAATCCACGCCCCCCGTCACCGAGGGGCGATGC,CAS-I-C
8,CTCGGCGCGGCCGGCGGCTACTACAAGCACCTGAT,NC_006513,1952604,1953575,Bona-fide,GTTTCAATCCACGCCCCCCGTCACCGAGGGGCGATGC,CAS-I-C
9,TCTTGCAGATGTGCACGGTCGAGGTCGAACGTGTC,NC_006513,1952604,1953575,Bona-fide,GTTTCAATCCACGCCCCCCGTCACCGAGGGGCGATGC,CAS-I-C
10,GATTGAGTCGGCGGGGTGGATAAGCCACACTAACTA,NC_006513,1952604,1953575,Bona-fide,GTTTCAATCCACGCCCCCCGTCACCGAGGGGCGATGC,CAS-I-C
11,GGATGGGATCGATATTGGTGCAGGGTGGCCTGCGT,NC_006513,1952604,1953575,Bona-fide,GTTTCAATCCACGCCCCCCGTCACCGAGGGGCGATGC,CAS-I-C
12,TTCGGCGTGGCATGGCAACTAAAGCGCGTACTGG,NC_006513,1952604,1953575,Bona-fide,GTTTCAATCCACGCCCCCCGTCACCGAGGGGCGATGC,CAS-I-C
13,GCGGCGTTGTTGCCGATCGTCTTCGTTACGTTCTG,NC_006513,1952604,1953575,Bona-fide,GTTTCAATCCACGCCCCCCGTCACCGAGGGGCGATGC,CAS-I-C
