Index,Spacer Sequence,Accession Number,Start,End,Category,Cas-Gene,Spacer_Cluster_Index
1,GGGCTACTAATCTTTTGAACTCTGCATAGT,CP009676_1,1544989,1546080,Possible,CAS-II-C,1
2,ACCAGCCACCAGGTTGGAACAGATACCCTA,CP009676_1,1544989,1546080,Possible,CAS-II-C,2
3,GAATTCTTCTTCTGTAACAAATCCGCGCT,CP009676_1,1544989,1546080,Possible,CAS-II-C,3
4,TAGTGCCATTCATAATAGTTTCGAACCCA,CP009676_1,1544989,1546080,Possible,CAS-II-C,4
5,TGATACGCATAATACAAATCCTTACCTAAAA,CP009676_1,1544989,1546080,Possible,CAS-II-C,5
6,ATAGGCATACACCCGTAATCAAATTTGATA,CP009676_1,1544989,1546080,Possible,CAS-II-C,6
7,GAAGAGATCTCAAGGTTTTTTAAAGATGAG,CP009676_1,1544989,1546080,Possible,CAS-II-C,7
8,TAGGATAACCTTGTTTCAAAGAATTATGTTT,CP009676_1,1544989,1546080,Possible,CAS-II-C,8
9,ATCAGTTGCCTCCTTTGTTATCGTAAAACA,CP009676_1,1544989,1546080,Possible,CAS-II-C,9
10,TCTTTATCATGTTTAAAGTTGTAGAATACA,CP009676_1,1544989,1546080,Possible,CAS-II-C,10
11,CTAACAAATGTGAATATACGTCTAAAGTTG,CP009676_1,1544989,1546080,Possible,CAS-II-C,11
12,TAGTTTTTTTATGGTCTGTAATCAACCTTA,CP009676_1,1544989,1546080,Possible,CAS-II-C,12
13,GTGGAATTGTAGCAATCTTATTAGGTCTTG,CP009676_1,1544989,1546080,Possible,CAS-II-C,13
14,AATGGCTTACATTAACAAATTCAACGAAAT,CP009676_1,1544989,1546080,Possible,CAS-II-C,14
15,CCAACAACTAAATAGTACCATAGGTGTTTC,CP009676_1,1544989,1546080,Possible,CAS-II-C,15
16,GTGTAACTCCTACTTGATTCGCAACACTCA,CP009676_1,1544989,1546080,Possible,CAS-II-C,16
1,GGGCTACTAATCTTTTGAACTCTGCATAGT,CP009762_1,1478868,1479233,Possible,CAS-II-C,1
2,CTTCCTCTGTCGTTTCCTCCTTGTCACTTG,CP009762_1,1478868,1479233,Possible,CAS-II-C,17
3,TTGTGATTCTTTATTTTGTCCGTATAATCT,CP009762_1,1478868,1479233,Possible,CAS-II-C,18
4,AATGGCTTACATTAACAAATTCAACGAAAT,CP009762_1,1478868,1479233,Possible,CAS-II-C,14
5,GTGTAACTCCTACTTGATTCGCAACACTCA,CP009762_1,1478868,1479233,Possible,CAS-II-C,16
1,GGGCTACTAATCTTTTGAACTCTGCATAGT,CP035007_1,15668,16828,Possible,CAS-II-C,1
2,TTGTGATTCTTTATTTTGTCCGTATAATCT,CP035007_1,15668,16828,Possible,CAS-II-C,18
3,ACCAGCCACCAGGTTGGAACAGATACCCTA,CP035007_1,15668,16828,Possible,CAS-II-C,2
4,GGATTTTCGCCCACAACTGACCTAGCCAGT,CP035007_1,15668,16828,Possible,CAS-II-C,19
5,ACCAGCCACCAGGTTGGAACAGATACCCTA,CP035007_1,15668,16828,Possible,CAS-II-C,2
6,CTAAACCTAAATAGTTTGTAGCAAGTTCAA,CP035007_1,15668,16828,Possible,CAS-II-C,20
7,TGATCAGCTTCAAATTCAAGTTTTCCACCGT,CP035007_1,15668,16828,Possible,CAS-II-C,21
8,TAGCTTTTCCACCTGTAAAATCTATTTTTG,CP035007_1,15668,16828,Possible,CAS-II-C,22
9,TGATACGCATAATACAAATCCTTACCTAAAA,CP035007_1,15668,16828,Possible,CAS-II-C,5
10,ATAGGCATACACCCGTAATCAAATTTGATA,CP035007_1,15668,16828,Possible,CAS-II-C,6
11,GAAGAGATCTCAAGGTTTTTTAAAGATGAG,CP035007_1,15668,16828,Possible,CAS-II-C,7
12,TAGGATAACCTTGTTTCAAAGAATTATGTTT,CP035007_1,15668,16828,Possible,CAS-II-C,8
13,ATCAGTTGCCTCCTTTGTTATCGTAAAACA,CP035007_1,15668,16828,Possible,CAS-II-C,9
14,TCTTTATCATGTTTAAAGTTGTAGAATACA,CP035007_1,15668,16828,Possible,CAS-II-C,10
15,CTAACAAATGTGAATATACGTCTAAAGTTG,CP035007_1,15668,16828,Possible,CAS-II-C,11
16,AATGGCTTACATTAACAAATTCAACGAAAT,CP035007_1,15668,16828,Possible,CAS-II-C,14
17,GTGTAACTCCTACTTGATTCGCAACACTCA,CP035007_1,15668,16828,Possible,CAS-II-C,16
1,GGGCTACTAATCTTTTGAACTCTGCATAGT,CP010309_1,1585815,1587105,Possible,CAS-II-C,1
2,TTGTGATTCTTTATTTTGTCCGTATAATCT,CP010309_1,1585815,1587105,Possible,CAS-II-C,18
3,ACCAGCCACCAGGTTGGAACAGATACCCTA,CP010309_1,1585815,1587105,Possible,CAS-II-C,2
4,GGATTTTCGCCCACAACTGACCTAGCCAGT,CP010309_1,1585815,1587105,Possible,CAS-II-C,19
5,ACCAGCCACCAGGTTGGAACAGATACCCTA,CP010309_1,1585815,1587105,Possible,CAS-II-C,2
6,GAATTCTTCTTCTGTAACAAATCCGCGCT,CP010309_1,1585815,1587105,Possible,CAS-II-C,3
7,GTGTTACCTTCTCTTGTTCTAATAACTTAT,CP010309_1,1585815,1587105,Possible,CAS-II-C,23
8,TTAGTTCAGGTCTAAGACGTAAATGCAGTA,CP010309_1,1585815,1587105,Possible,CAS-II-C,24
9,AACGTATCCACCATAATTTATTTTTTACATT,CP010309_1,1585815,1587105,Possible,CAS-II-C,25
10,CTACTTTACCGCAATCAGAAGTTAATATTG,CP010309_1,1585815,1587105,Possible,CAS-II-C,26
11,CTAAACCTAAATAGTTTGTAGCAAGTTCAA,CP010309_1,1585815,1587105,Possible,CAS-II-C,20
12,TGATCAGCTTCAAATTCAAGTTTTCCACCGT,CP010309_1,1585815,1587105,Possible,CAS-II-C,21
13,TAGCTTTTCCACCTGTAAAATCTATTTTTG,CP010309_1,1585815,1587105,Possible,CAS-II-C,22
14,TCTTTATCATGTTTAAAGTTGTAGAATACA,CP010309_1,1585815,1587105,Possible,CAS-II-C,10
15,CTAACAAATGTGAATATACGTCTAAAGTTG,CP010309_1,1585815,1587105,Possible,CAS-II-C,11
16,TAGTTTTTTTATGGTCTGTAATCAACCTTA,CP010309_1,1585815,1587105,Possible,CAS-II-C,12
17,GTGGAATTGTAGCAATCTTATTAGGTCTTG,CP010309_1,1585815,1587105,Possible,CAS-II-C,13
18,AATGGCTTACATTAACAAATTCAACGAAAT,CP010309_1,1585815,1587105,Possible,CAS-II-C,14
19,GTGGAACTCCTACTTGATTCGCAACACTCA,CP010309_1,1585815,1587105,Possible,CAS-II-C,16
