Index,Spacer Sequence,Accession Number,Start,End,Category,Cas-Gene
1,GGGCTACTAATCTTTTGAACTCTGCATAGT,CP009676_1,1544989,1546080,Possible,CAS-II-C
2,ACCAGCCACCAGGTTGGAACAGATACCCTA,CP009676_1,1544989,1546080,Possible,CAS-II-C
3,GAATTCTTCTTCTGTAACAAATCCGCGCT,CP009676_1,1544989,1546080,Possible,CAS-II-C
4,TAGTGCCATTCATAATAGTTTCGAACCCA,CP009676_1,1544989,1546080,Possible,CAS-II-C
5,TGATACGCATAATACAAATCCTTACCTAAAA,CP009676_1,1544989,1546080,Possible,CAS-II-C
6,ATAGGCATACACCCGTAATCAAATTTGATA,CP009676_1,1544989,1546080,Possible,CAS-II-C
7,GAAGAGATCTCAAGGTTTTTTAAAGATGAG,CP009676_1,1544989,1546080,Possible,CAS-II-C
8,TAGGATAACCTTGTTTCAAAGAATTATGTTT,CP009676_1,1544989,1546080,Possible,CAS-II-C
9,ATCAGTTGCCTCCTTTGTTATCGTAAAACA,CP009676_1,1544989,1546080,Possible,CAS-II-C
10,TCTTTATCATGTTTAAAGTTGTAGAATACA,CP009676_1,1544989,1546080,Possible,CAS-II-C
11,CTAACAAATGTGAATATACGTCTAAAGTTG,CP009676_1,1544989,1546080,Possible,CAS-II-C
12,TAGTTTTTTTATGGTCTGTAATCAACCTTA,CP009676_1,1544989,1546080,Possible,CAS-II-C
13,GTGGAATTGTAGCAATCTTATTAGGTCTTG,CP009676_1,1544989,1546080,Possible,CAS-II-C
14,AATGGCTTACATTAACAAATTCAACGAAAT,CP009676_1,1544989,1546080,Possible,CAS-II-C
15,CCAACAACTAAATAGTACCATAGGTGTTTC,CP009676_1,1544989,1546080,Possible,CAS-II-C
16,GTGTAACTCCTACTTGATTCGCAACACTCA,CP009676_1,1544989,1546080,Possible,CAS-II-C
1,GGGCTACTAATCTTTTGAACTCTGCATAGT,CP009762_1,1478868,1479233,Possible,CAS-II-C
2,CTTCCTCTGTCGTTTCCTCCTTGTCACTTG,CP009762_1,1478868,1479233,Possible,CAS-II-C
3,TTGTGATTCTTTATTTTGTCCGTATAATCT,CP009762_1,1478868,1479233,Possible,CAS-II-C
4,AATGGCTTACATTAACAAATTCAACGAAAT,CP009762_1,1478868,1479233,Possible,CAS-II-C
5,GTGTAACTCCTACTTGATTCGCAACACTCA,CP009762_1,1478868,1479233,Possible,CAS-II-C
1,GGGCTACTAATCTTTTGAACTCTGCATAGT,CP035007_1,15668,16828,Possible,CAS-II-C
2,TTGTGATTCTTTATTTTGTCCGTATAATCT,CP035007_1,15668,16828,Possible,CAS-II-C
3,ACCAGCCACCAGGTTGGAACAGATACCCTA,CP035007_1,15668,16828,Possible,CAS-II-C
4,GGATTTTCGCCCACAACTGACCTAGCCAGT,CP035007_1,15668,16828,Possible,CAS-II-C
5,ACCAGCCACCAGGTTGGAACAGATACCCTA,CP035007_1,15668,16828,Possible,CAS-II-C
6,CTAAACCTAAATAGTTTGTAGCAAGTTCAA,CP035007_1,15668,16828,Possible,CAS-II-C
7,TGATCAGCTTCAAATTCAAGTTTTCCACCGT,CP035007_1,15668,16828,Possible,CAS-II-C
8,TAGCTTTTCCACCTGTAAAATCTATTTTTG,CP035007_1,15668,16828,Possible,CAS-II-C
9,TGATACGCATAATACAAATCCTTACCTAAAA,CP035007_1,15668,16828,Possible,CAS-II-C
10,ATAGGCATACACCCGTAATCAAATTTGATA,CP035007_1,15668,16828,Possible,CAS-II-C
11,GAAGAGATCTCAAGGTTTTTTAAAGATGAG,CP035007_1,15668,16828,Possible,CAS-II-C
12,TAGGATAACCTTGTTTCAAAGAATTATGTTT,CP035007_1,15668,16828,Possible,CAS-II-C
13,ATCAGTTGCCTCCTTTGTTATCGTAAAACA,CP035007_1,15668,16828,Possible,CAS-II-C
14,TCTTTATCATGTTTAAAGTTGTAGAATACA,CP035007_1,15668,16828,Possible,CAS-II-C
15,CTAACAAATGTGAATATACGTCTAAAGTTG,CP035007_1,15668,16828,Possible,CAS-II-C
16,AATGGCTTACATTAACAAATTCAACGAAAT,CP035007_1,15668,16828,Possible,CAS-II-C
17,GTGTAACTCCTACTTGATTCGCAACACTCA,CP035007_1,15668,16828,Possible,CAS-II-C
1,GGGCTACTAATCTTTTGAACTCTGCATAGT,CP010309_1,1585815,1587105,Possible,CAS-II-C
2,TTGTGATTCTTTATTTTGTCCGTATAATCT,CP010309_1,1585815,1587105,Possible,CAS-II-C
3,ACCAGCCACCAGGTTGGAACAGATACCCTA,CP010309_1,1585815,1587105,Possible,CAS-II-C
4,GGATTTTCGCCCACAACTGACCTAGCCAGT,CP010309_1,1585815,1587105,Possible,CAS-II-C
5,ACCAGCCACCAGGTTGGAACAGATACCCTA,CP010309_1,1585815,1587105,Possible,CAS-II-C
6,GAATTCTTCTTCTGTAACAAATCCGCGCT,CP010309_1,1585815,1587105,Possible,CAS-II-C
7,GTGTTACCTTCTCTTGTTCTAATAACTTAT,CP010309_1,1585815,1587105,Possible,CAS-II-C
8,TTAGTTCAGGTCTAAGACGTAAATGCAGTA,CP010309_1,1585815,1587105,Possible,CAS-II-C
9,AACGTATCCACCATAATTTATTTTTTACATT,CP010309_1,1585815,1587105,Possible,CAS-II-C
10,CTACTTTACCGCAATCAGAAGTTAATATTG,CP010309_1,1585815,1587105,Possible,CAS-II-C
11,CTAAACCTAAATAGTTTGTAGCAAGTTCAA,CP010309_1,1585815,1587105,Possible,CAS-II-C
12,TGATCAGCTTCAAATTCAAGTTTTCCACCGT,CP010309_1,1585815,1587105,Possible,CAS-II-C
13,TAGCTTTTCCACCTGTAAAATCTATTTTTG,CP010309_1,1585815,1587105,Possible,CAS-II-C
14,TCTTTATCATGTTTAAAGTTGTAGAATACA,CP010309_1,1585815,1587105,Possible,CAS-II-C
15,CTAACAAATGTGAATATACGTCTAAAGTTG,CP010309_1,1585815,1587105,Possible,CAS-II-C
16,TAGTTTTTTTATGGTCTGTAATCAACCTTA,CP010309_1,1585815,1587105,Possible,CAS-II-C
17,GTGGAATTGTAGCAATCTTATTAGGTCTTG,CP010309_1,1585815,1587105,Possible,CAS-II-C
18,AATGGCTTACATTAACAAATTCAACGAAAT,CP010309_1,1585815,1587105,Possible,CAS-II-C
19,GTGGAACTCCTACTTGATTCGCAACACTCA,CP010309_1,1585815,1587105,Possible,CAS-II-C
